2025-09-24_14-11-21,None,draft.py:2025-09-24_14-11-21
2025-09-24_14-11-38,None,draft.py:2025-09-24_14-11-21
2025-09-24_14-32-31,None,draft.py:2025-09-24_14-32-31
2025-09-24_14-32-33,None,draft.py:2025-09-24_14-32-31
2025-09-24_14-33-05,None,draft.py:2025-09-24_14-33-05
2025-09-24_18-32-05,None,draft.py:2025-09-24_18-32-05
2025-09-24_18-36-09,None,draft.py:2025-09-24_18-32-05
2025-09-24_18-44-19,None,draft.py:2025-09-24_18-44-19
2025-09-24_19-23-47,None,draft.py:2025-09-24_19-23-47
2025-09-24_19-26-39,None,draft.py:2025-09-24_19-26-39
2025-09-30_13-44-12,None,draft.py:2025-09-30_13-44-12
2025-09-30_14-13-24,None,draft.py:2025-09-30_14-13-24
2025-09-30_14-17-44,None,draft.py:2025-09-30_14-17-44
2025-09-30_14-27-24,None,draft.py:2025-09-30_14-27-24
2025-09-30_14-28-12,None,draft.py:2025-09-30_14-27-24
2025-10-01_14-28-17,None,draft.py:2025-09-30_14-27-24
2025-10-01_14-29-05,None,draft.py:2025-09-30_14-27-24
